patient,pred,target,dice,hd,hd95
078155d54b,PTV_tot,PTV_tot,0.828139865,205,13.36143112
0841a85d12,PTV_tot,PTV_tot,0.8656659879,378.1198425,10.546875
0c8aeb38b9,PTV_tot,PTV_tot,0.8728454659,161.0468597,8.05142498
0d6dbfca35,PTV_tot,PTV_tot,0.8335441893,160.2615662,10.80415344
125ec72e96,PTV_tot,PTV_tot,0.8757204929,84.29633331,9.678044319
1372f71985,PTV_tot,PTV_tot,0.8638236123,385.6388245,8.203125
137a36b221,PTV_tot,PTV_tot,0.8381442549,397.4974365,10.22990131
138a7266b2,PTV_tot,PTV_tot,0.8598742095,99.31063843,12.22849655
160ae6299c,PTV_tot,PTV_tot,0.8701618965,434.0926514,10.79772568
164d9e96be,PTV_tot,PTV_tot,0.8441655653,466.2471008,11.13856792
1b20a3cb66,PTV_tot,PTV_tot,0.8495934411,100,12.11164284
22ae7628ac,PTV_tot,PTV_tot,0.8142307212,409.590332,17.2165947
2a6c1053a6,PTV_tot,PTV_tot,0.8455725996,57.19955826,12.28054428
2ad3daaefa,PTV_tot,PTV_tot,0.8586936792,375.1482239,10.85600185
2dd0e6a117,PTV_tot,PTV_tot,0.8541438965,384.9743958,10
2e709f30fd,PTV_tot,PTV_tot,0.8662690848,387.780426,9.606834412
2fe80163c8,PTV_tot,PTV_tot,0.7524847222,370.2607117,19.21366882
2fea0c3c2d,PTV_tot,PTV_tot,0.7748019839,155.2169189,12.41800499
3056da4688,PTV_tot,PTV_tot,0.8904317041,346.9482422,7.861176491
39d2baf454,PTV_tot,PTV_tot,0.8565294724,181.0891266,10.41218948
3ccabf2f31,PTV_tot,PTV_tot,0.8773982885,173.2198944,9.375
3de63efe21,PTV_tot,PTV_tot,0.8449406033,184.0266876,11.67204189
437efac703,PTV_tot,PTV_tot,0.8841244109,205,8.627773285
47ad593639,PTV_tot,PTV_tot,0.7984068369,382.5107422,18.29927063
4940aa981e,PTV_tot,PTV_tot,0.8608848027,109.1445389,9.316549301
4dba78d716,PTV_tot,PTV_tot,0.8389183404,112.3958969,12.94378281
50f218df2f,PTV_tot,PTV_tot,0.816312506,369.6892395,10.80415344
5185090f5b,PTV_tot,PTV_tot,0.8654018455,53.14963913,10
53de1f72e7,PTV_tot,PTV_tot,0.8570021104,51.61693573,12.38040924
580438118c,PTV_tot,PTV_tot,0.7694801055,140.667984,10.546875
5985b11ac1,PTV_tot,PTV_tot,0.8417016636,75.70570374,13.06020069
5a215ae7ce,PTV_tot,PTV_tot,0.8812817556,63.75531006,10.09103203
5d25ad9941,PTV_tot,PTV_tot,0.8036996122,496.269165,15.80154133
5e52649434,PTV_tot,PTV_tot,0.8671090898,197.9979248,9.447957993
665e5750f3,PTV_tot,PTV_tot,0.8547995874,483.1789551,10.59998226
66f5cea424,PTV_tot,PTV_tot,0.8816208828,179.2870636,9.517472267
6889d9ab8c,PTV_tot,PTV_tot,0.8514431774,215.0032043,12.98709202
6a56b9a03c,PTV_tot,PTV_tot,0.8773487613,388.3100891,7.702744484
73a9eea8b1,PTV_tot,PTV_tot,0.8619925179,365.9500427,10.48156834
740005b79f,PTV_tot,PTV_tot,0.8751355875,445.1867676,10
780977e95c,PTV_tot,PTV_tot,0.8188077834,379.9824524,12.79462337
7a58aa166d,PTV_tot,PTV_tot,0.8599581567,101.1706924,10.3376236
7f38135ef7,PTV_tot,PTV_tot,0.8712011737,379.4345398,9.016924858
8394264403,PTV_tot,PTV_tot,0.8544556999,262.4329529,12.22849655
8582ad1330,PTV_tot,PTV_tot,0.8237432022,82.30715942,9.943689346
8790474f34,PTV_tot,PTV_tot,0.8765569883,55,9.016924858
8a6f8b2ef4,PTV_tot,PTV_tot,0.8659681109,53.4190979,11.12417984
8ac4645595,PTV_tot,PTV_tot,0.873276766,390.2026062,8.940449715
907e759e12,PTV_tot,PTV_tot,0.854431145,334.5401611,15
90e2489368,PTV_tot,PTV_tot,0.8864845784,75,10
929c966ba3,PTV_tot,PTV_tot,0.8571606774,80,10.88043118
94b1d09727,PTV_tot,PTV_tot,0.8510339432,385.8266602,11.73072338
962ff29fdf,PTV_tot,PTV_tot,0.8358137036,160,18.52897072
96a15f3c3a,PTV_tot,PTV_tot,0.8483081368,55.92489624,10.01250458
97925f3002,PTV_tot,PTV_tot,0.8632384199,64.47496796,11.05434227
97b1d50066,PTV_tot,PTV_tot,0.8460555394,449.0461121,10.41218948
a17ea87ea2,PTV_tot,PTV_tot,0.8486147579,80,12.78877831
aaf51339e6,PTV_tot,PTV_tot,0.8429565012,393.4969788,11.11738205
ab8fed6951,PTV_tot,PTV_tot,0.8231719677,147.4015198,15
ac2b964991,PTV_tot,PTV_tot,0.8072821317,362.3129578,12.94378281
b08c586b8b,PTV_tot,PTV_tot,0.8188004824,441.4668579,19.5813427
b97285248a,PTV_tot,PTV_tot,0.837862018,376.7660217,13.10196114
bf27e730c4,PTV_tot,PTV_tot,0.8646865843,386.3989258,8.467106819
c8c6c638cc,PTV_tot,PTV_tot,0.8608497456,81.98473358,10
c96a16d215,PTV_tot,PTV_tot,0.8425043417,39.45010757,10.06842995
ca61263499,PTV_tot,PTV_tot,0.8754957881,50,8.924734116
caa9053a67,PTV_tot,PTV_tot,0.8788660688,184.3160858,8.924734116
cdce9dfaf9,PTV_tot,PTV_tot,0.7599625431,228.9209137,38.89399185
d0af54cbfc,PTV_tot,PTV_tot,0.8512217521,375.4133606,11.42096615
d17edef5b1,PTV_tot,PTV_tot,0.8723220133,150,11.25271225
d24d58a7ad,PTV_tot,PTV_tot,0.7577067641,100.8394928,16.566185
d40c4b6c81,PTV_tot,PTV_tot,0.8760432754,54.51681137,10
d4a0c1d435,PTV_tot,PTV_tot,0.8271886371,448.066925,17.22202301
d7f42125bf,PTV_tot,PTV_tot,0.8538038293,92.4858017,8.08114624
dc8d7ed1e0,PTV_tot,PTV_tot,0.8497464437,402.9515686,9.678044319
dd0894e849,PTV_tot,PTV_tot,0.7755261716,84.74315643,11.54162979
de440dfcbb,PTV_tot,PTV_tot,0.868195379,165.263916,10
e5674d8e1d,PTV_tot,PTV_tot,0.8524648118,371.3148193,9.678044319
e74e14a6f0,PTV_tot,PTV_tot,0.8586059471,438.1447754,12.69102573
e844e8e67d,PTV_tot,PTV_tot,0.8776474801,95,9.152636528
e97f9dc8ba,PTV_tot,PTV_tot,0.8159655157,123.3465118,10.68943024
ea875763fd,PTV_tot,PTV_tot,0.828369075,425.322998,13.10196114
f0d0310be3,PTV_tot,PTV_tot,0.8914891551,75.29914856,8.754271507
f427229e01,PTV_tot,PTV_tot,0.8322969309,393.3297729,11.67204189
f49c09b70c,PTV_tot,PTV_tot,0.8641426515,396.1719055,10.27098656
f7fb3948e9,PTV_tot,PTV_tot,0.8620287774,135,10.42932129
f8f77b8bc1,PTV_tot,PTV_tot,0.851698777,96.93661499,11.02922726
f9caf7540a,PTV_tot,PTV_tot,0.8578842114,372.8508911,10.22990131
fde4a3e753,PTV_tot,PTV_tot,0.8732867246,78.47251129,8.940449715